{
  "components/common/body": "<div class=\"body\" data-currency-code=\"{{currency_selector.active_currency_code}}\">\n    {{#block \"hero\"}} {{/block}}\n    <div class=\"container\">\n        {{#block \"page\"}} {{/block}}\n    </div>\n    {{> components/common/modal}}\n    {{> components/common/alert-modal}}\n</div>\n\n<div class=\"scrollToTop\">\n    <a href=\"#topOfPage\" class=\"button u-hiddenVisually\" id=\"scrollToTopFloatingButton\" title=\"{{lang 'common.top_of_page'}}\"><i class=\"fa fa-chevron-up\"></i></a>\n</div>\n\n\n<script type=\"text/javascript\">\n    let pagetype = '{{page_type}}';\n    if(pagetype == 'login' || pagetype == 'forgotpassword' || pagetype == 'getnewpassword') {\n        //console.log(pagetype);\n        sessionStorage.removeItem('orgVal');\n    }\n    let custid = '{{customer.id}}';\n    if(custid != '' && pagetype != 'orderconfirmation') {\n        $('#loader-overlay').css(\"display\", \"block\");\n        let data = {\n            \"CustomerID\": custid\n        };\n        var settings = {\n          \"url\": \"https://qrfscustomapp.kensiumcommerce.com/api/sandboxgetOrganisationType\",\n          \"method\": \"post\",\n          \"headers\": {\n            \"Content-Type\": \"application/json\"\n          },\n          \"data\": JSON.stringify(data),\n        };\n        $.ajax(settings).done(function (response) {\n            //console.log(response);\n            sessionStorage.setItem('orgVal', response);         \n        });\n\n    } else {\n        //console.log('Do nothing');\n    }  \n</script>",
  "components/common/alert-modal": "<div id=\"alert-modal\" class=\"modal modal--alert modal--small\" data-reveal data-prevent-quick-search-close>\n    <div class=\"swal2-icon swal2-error swal2-icon-show\"><span class=\"swal2-x-mark\"><span class=\"swal2-x-mark-line-left\"></span><span class=\"swal2-x-mark-line-right\"></span></span></div>\n\n    <div class=\"modal-content\"></div>\n\n    <div class=\"button-container\"><button type=\"button\" class=\"confirm button\" data-reveal-close>OK</button></div>\n</div>\n",
  "components/common/modal": "<div id=\"modal\" class=\"modal\" data-reveal data-prevent-quick-search-close>\n    <a href=\"#\" class=\"modal-close\" aria-label=\"{{lang 'common.close'}}\" role=\"button\">\n        <svg class=\"icon\"><use xlink:href=\"#icon-close\" /></svg>\n    </a>\n    <div class=\"modal-content\"></div>\n    <div class=\"loadingOverlay\"></div>\n</div>\n\n<div id=\"previewModal\" class=\"modal modal--large\" data-reveal>\n    <a href=\"#\" class=\"modal-close\" aria-label=\"{{lang 'common.close'}}\" role=\"button\">\n        <svg class=\"icon\"><use xlink:href=\"#icon-close\" /></svg>\n    </a>\n    <div class=\"modal-content\"></div>\n    <div class=\"loadingOverlay\"></div>\n</div>\n"
}