{
  "fonts-icons.scss": "@import \"settings/global/typography/typography\";\n@import \"settings/papathemes/papathemes\";\n\n@import \"fonts/fonts\";",
  "settings/global/typography/typography.scss": "// =============================================================================\n// TYPOGRAPHY\n// =============================================================================\n\n\n// Global Type Vars\n// -----------------------------------------------------------------------------\n//\n// IMPORTANT: These variables are NOT to be consumed in components/apps.\n//            Instead use the maps and functions outlined below.\n//\n// 1. Set up the REM units for the rest of the framework (pixel value).\n// The stencilNumber() function outputs a pixel value by default.\n// 2. Your base font size should always start at 1rem;\n// 3. Your <body> line-height. This value is used for spacing calculations,\n//    where spacing is = $fontSize-root * $lineHeight-base.\n//\n// -----------------------------------------------------------------------------\n\n\n// Font families\n// -----------------------------------------------------------------------------\n\n$fontFamily-sans:               null; // papathemes-beautify\n$fontFamily-serif:              null;\n$fontFamily-mono:               null;\n$fontFamily-headings:           null; // papathemes-beautify\n\n$fontFamily-hero:               null; // papathemes-beautify\n\n\n// Font sizes\n// -----------------------------------------------------------------------------\n\n$fontSize-root:                 stencilNumber(\"fontSize-root\"); // 1\n$fontSize-base:                 1rem; // 2\n$fontSize-hero:                 64px; // papathemes-beautify\n$fontSize-largest:              stencilNumber(\"fontSize-h1\");\n$fontSize-larger:               stencilNumber(\"fontSize-h2\");\n$fontSize-large:                stencilNumber(\"fontSize-h3\");\n$fontSize-small:                stencilNumber(\"fontSize-h4\");\n$fontSize-smaller:              stencilNumber(\"fontSize-h5\");\n$fontSize-smallest:             stencilNumber(\"fontSize-h6\");\n$fontSize-tiny:                 12px;\n$fontSize-logo-large:           stencilNumber(\"logo_fontSize\");\n$fontSize-logo-medium:          $fontSize-logo-large - 6px;\n$fontSize-logo-small:           $fontSize-logo-medium - 2px;\n\n\n// Line heights\n// -----------------------------------------------------------------------------\n\n$lineHeight-base:               1.5; // 3\n$lineHeight-hero:               50px;\n$lineHeight-largest:            37px;\n$lineHeight-larger:             32px;\n$lineHeight-large:              29px;\n$lineHeight-small:              24px;\n$lineHeight-smaller:            19px;\n$lineHeight-smallest:           15px;\n$lineHeight-tiny:               18px;\n\n\n// Font weights\n// -----------------------------------------------------------------------------\n\n$fontWeight-thin:               300;\n$fontWeight-normal:             400;\n$fontWeight-medium:             500;\n$fontWeight-semibold:           600;\n$fontWeight-bold:               700;\n$fontWeight-black:              900;\n\n\n// Letter spacing\n// -----------------------------------------------------------------------------\n\n// papathemes: mods letter spacing\n$letterSpacing-base:            0;\n$letterSpacing-largest:         1.5px;\n$letterSpacing-larger:          1px;\n$letterSpacing-large:           0.5px;\n$letterSpacing-small:           -0.5px;\n$letterSpacing-smaller:         -1px;\n$letterSpacing-smallest:        -1.5px;\n",
  "settings/papathemes/papathemes.scss": "@import \"papathemesicons\";\n",
  "fonts/fonts.scss": "@import \"clear-sans\";\n\n$fonts: $fontFamily-sans $fontFamily-serif $fontFamily-mono $fontFamily-headings $fontFamily-hero;\n\n@if contains($fonts, \"'Clear Sans', sans-serif\") {\n    @include clear-sans;\n}\n\n@import \"papathemesicons\";\n",
  "settings/papathemes/papathemesicons.scss": "$icomoon-font-path: \"../fonts\" !default;\n\n$papathemes-icon-elegant-search: \"\\55\";\n$papathemes-icon-elegant-gift: \"\\e008\";\n$papathemes-icon-elegant-bag: \"\\e013\";\n$papathemes-icon-elegant-cart: \"\\e015\";\n$papathemes-icon-ui-head-phone: \"\\ed3a\";\n$papathemes-icon-listing-box: \"\\eeb8\";\n$papathemes-icon-location-pin: \"\\f051\";\n$papathemes-icon-linear-inbox: \"\\e914\";\n$papathemes-icon-linear-phone-handset: \"\\e915\";\n$papathemes-icon-linear-heart: \"\\e916\";\n$papathemes-icon-linear-map-marker: \"\\e917\";\n$papathemes-icon-linear-bus: \"\\e918\";\n$papathemes-icon-cart3: \"\\e919\";\n$papathemes-icon-linear-user: \"\\e91a\";\n$papathemes-icon-linear-banknote: \"\\e911\";\n$papathemes-icon-credit-card: \"\\e90f\";\n$papathemes-icon-coin-dollar: \"\\e910\";\n$papathemes-icon-compare: \"\\e906\";\n$papathemes-icon-cart2: \"\\e90d\";\n$papathemes-icon-gift: \"\\e904\";\n$papathemes-icon-present: \"\\e02f\";\n$papathemes-icon-linear-magnifier: \"\\e913\";\n$papathemes-icon-linear-cart: \"\\e912\";\n$papathemes-icon-search3: \"\\e90a\";\n$papathemes-icon-heart: \"\\e90b\";\n$papathemes-icon-login: \"\\e90c\";\n$papathemes-icon-bag: \"\\e909\";\n$papathemes-icon-sign-in: \"\\e900\";\n$papathemes-icon-heart-o: \"\\e901\";\n$papathemes-icon-search2: \"\\e902\";\n$papathemes-icon-shopping-bag: \"\\e903\";\n$papathemes-icon-compare_arrows: \"\\e90e\";\n$papathemes-icon-search: \"\\e907\";\n$papathemes-icon-shopping_cart: \"\\e908\";\n$papathemes-icon-cart: \"\\e905\";\n\n",
  "fonts/clear-sans.scss": "@mixin clear-sans {\n    @font-face {\n        font-family: \"Clear Sans\";\n        font-style: normal;\n        font-weight: 400;\n        src: url(\"../fonts/clearsans-regular-webfont.woff2\") format(\"woff2\"),\n            url(\"../fonts/clearsans-regular-webfont.woff\") format(\"woff\");\n    }\n\n    @font-face {\n        font-family: \"Clear Sans\";\n        font-style: normal;\n        font-weight: 700;\n        src: url(\"../fonts/clearsans-bold-webfont.woff2\") format(\"woff2\"),\n            url(\"../fonts/clearsans-bold-webfont.woff\") format(\"woff\");\n    }\n}\n",
  "fonts/papathemesicons.scss": "@font-face {\n  font-family: 'papathemesicons';\n  src:  url('#{$icomoon-font-path}/papathemesicons.eot?jpwbml');\n  src:  url('#{$icomoon-font-path}/papathemesicons.eot?jpwbml#iefix') format('embedded-opentype'),\n    url('#{$icomoon-font-path}/papathemesicons.woff2?jpwbml') format('woff2'),\n    url('#{$icomoon-font-path}/papathemesicons.ttf?jpwbml') format('truetype'),\n    url('#{$icomoon-font-path}/papathemesicons.woff?jpwbml') format('woff'),\n    url('#{$icomoon-font-path}/papathemesicons.svg?jpwbml#papathemesicons') format('svg');\n  font-weight: normal;\n  font-style: normal;\n  font-display: swap;\n}\n\n[class^=\"papathemes-icon-\"], [class*=\" papathemes-icon-\"] {\n  /* use !important to prevent issues with browser extensions that change fonts */\n  font-family: 'papathemesicons' !important;\n  speak: none;\n  font-style: normal;\n  font-weight: normal;\n  font-variant: normal;\n  text-transform: none;\n  line-height: 1;\n\n  /* Better Font Rendering =========== */\n  -webkit-font-smoothing: antialiased;\n  -moz-osx-font-smoothing: grayscale;\n}\n\n.papathemes-icon-elegant-search {\n  &:before {\n    content: $papathemes-icon-elegant-search;\n  }\n}\n.papathemes-icon-elegant-gift {\n  &:before {\n    content: $papathemes-icon-elegant-gift;\n  }\n}\n.papathemes-icon-elegant-bag {\n  &:before {\n    content: $papathemes-icon-elegant-bag;\n  }\n}\n.papathemes-icon-elegant-cart {\n  &:before {\n    content: $papathemes-icon-elegant-cart;\n  }\n}\n.papathemes-icon-ui-head-phone {\n  &:before {\n    content: $papathemes-icon-ui-head-phone;\n  }\n}\n.papathemes-icon-listing-box {\n  &:before {\n    content: $papathemes-icon-listing-box;\n  }\n}\n.papathemes-icon-location-pin {\n  &:before {\n    content: $papathemes-icon-location-pin;\n  }\n}\n.papathemes-icon-linear-inbox {\n  &:before {\n    content: $papathemes-icon-linear-inbox;\n  }\n}\n.papathemes-icon-linear-phone-handset {\n  &:before {\n    content: $papathemes-icon-linear-phone-handset;\n  }\n}\n.papathemes-icon-linear-heart {\n  &:before {\n    content: $papathemes-icon-linear-heart;\n  }\n}\n.papathemes-icon-linear-map-marker {\n  &:before {\n    content: $papathemes-icon-linear-map-marker;\n  }\n}\n.papathemes-icon-linear-bus {\n  &:before {\n    content: $papathemes-icon-linear-bus;\n  }\n}\n.papathemes-icon-cart3 {\n  &:before {\n    content: $papathemes-icon-cart3;\n  }\n}\n.papathemes-icon-linear-user {\n  &:before {\n    content: $papathemes-icon-linear-user;\n  }\n}\n.papathemes-icon-linear-banknote {\n  &:before {\n    content: $papathemes-icon-linear-banknote;\n  }\n}\n.papathemes-icon-credit-card {\n  &:before {\n    content: $papathemes-icon-credit-card;\n  }\n}\n.papathemes-icon-coin-dollar {\n  &:before {\n    content: $papathemes-icon-coin-dollar;\n  }\n}\n.papathemes-icon-compare {\n  &:before {\n    content: $papathemes-icon-compare;\n  }\n}\n.papathemes-icon-cart2 {\n  &:before {\n    content: $papathemes-icon-cart2;\n  }\n}\n.papathemes-icon-gift {\n  &:before {\n    content: $papathemes-icon-gift;\n  }\n}\n.papathemes-icon-present {\n  &:before {\n    content: $papathemes-icon-present;\n  }\n}\n.papathemes-icon-linear-magnifier {\n  &:before {\n    content: $papathemes-icon-linear-magnifier;\n  }\n}\n.papathemes-icon-linear-cart {\n  &:before {\n    content: $papathemes-icon-linear-cart;\n  }\n}\n.papathemes-icon-search3 {\n  &:before {\n    content: $papathemes-icon-search3;\n  }\n}\n.papathemes-icon-heart {\n  &:before {\n    content: $papathemes-icon-heart;\n  }\n}\n.papathemes-icon-login {\n  &:before {\n    content: $papathemes-icon-login;\n  }\n}\n.papathemes-icon-bag {\n  &:before {\n    content: $papathemes-icon-bag;\n  }\n}\n.papathemes-icon-sign-in {\n  &:before {\n    content: $papathemes-icon-sign-in;\n  }\n}\n.papathemes-icon-heart-o {\n  &:before {\n    content: $papathemes-icon-heart-o;\n  }\n}\n.papathemes-icon-search2 {\n  &:before {\n    content: $papathemes-icon-search2;\n  }\n}\n.papathemes-icon-shopping-bag {\n  &:before {\n    content: $papathemes-icon-shopping-bag;\n  }\n}\n.papathemes-icon-compare_arrows {\n  &:before {\n    content: $papathemes-icon-compare_arrows;\n  }\n}\n.papathemes-icon-search {\n  &:before {\n    content: $papathemes-icon-search;\n  }\n}\n.papathemes-icon-shopping_cart {\n  &:before {\n    content: $papathemes-icon-shopping_cart;\n  }\n}\n.papathemes-icon-cart {\n  &:before {\n    content: $papathemes-icon-cart;\n  }\n}\n\n"
}