{"components/amp/products/card":"<article class=\"card {{#if alternate}}card--alternate{{/if}}\">\n    <figure class=\"card-figure\">\n        {{#or price.non_sale_price_with_tax price.non_sale_price_without_tax}}\n            {{#if theme_settings.product_sale_badges}}\n                <div class=\"sale-sash\">\n                    <span class=\"sale-text\">{{theme_settings.product_sale_label}}</span>\n                </div>\n            {{/if}}\n        {{/or}}\n        <a data-vars-product-link=\"{{url}}\" data-vars-product-id=\"{{id}}\" data-vars-product-name=\"{{name}}\" href=\"{{url}}\">\n            <amp-img class=\"card-image\" src=\"{{getImage image 'productgallery_size' (cdn theme_settings.default_image_product)}}\" width=\"{{first (split theme_settings.productgallery_size 'x')}}\" height=\"{{last (split theme_settings.productgallery_size 'x')}}\" layout=\"responsive\" alt=\"{{image.alt}}\"></amp-img>\n        </a>\n    </figure>\n    <div class=\"card-body\">\n        {{#and rating show_rating}}\n            <p class=\"card-text\" data-test-info-type=\"productRating\">\n                <span class=\"rating--small\">\n                    {{> components/amp/products/ratings rating=rating}}\n                </span>\n            </p>\n        {{/and}}\n        {{#if brand.name}}\n            <p class=\"card-text\" data-test-info-type=\"brandName\">{{brand.name}}</p>\n        {{/if}}\n        <h4 class=\"card-title\">\n            <a data-vars-product-link=\"{{url}}\" data-vars-product-id=\"{{id}}\" data-vars-product-name=\"{{name}}\" href=\"{{url}}\">{{name}}</a>\n        </h4>\n\n        <div class=\"card-text\" data-test-info-type=\"price\">\n            {{#or customer (if theme_settings.restrict_to_login '!==' true)}}\n                {{> components/products/price price=price customer=customer}}\n            {{else}}\n                {{> components/common/login-for-pricing}}\n            {{/or}}\n        </div>\n    </div>\n</article>\n","components/amp/products/grid":"<ul class=\"productGrid\">\n    {{#each products}}\n    <li class=\"product\">\n        {{>components/amp/products/card  settings=../settings show_rating=../settings.show_product_rating theme_settings=../theme_settings customer=../customer}}\n    </li>\n    {{/each}}\n</ul>\n","components/amp/products/ratings":"{{#for 1 5}}\n    {{#if ../this.rating '>=' $index}}\n        <span class=\"icon icon--ratingFull\">\n            <svg xmlns=\"http://www.w3.org/2000/svg\" width=\"26\" height=\"28\" viewBox=\"0 0 26 28\"><path d=\"M0 10.11q0-.58.875-.72L8.72 8.25l3.515-7.11Q12.532.5 13 .5t.767.64l3.516 7.11 7.844 1.14q.875.14.875.72 0 .343-.406.75l-5.672 5.53 1.344 7.812q.016.11.016.313 0 .328-.164.555t-.477.227q-.297 0-.625-.187l-7.016-3.687-7.016 3.687q-.344.187-.625.187-.327 0-.49-.227t-.165-.555q0-.094.03-.313L6.08 16.39.392 10.86q-.39-.423-.39-.75z\"/></svg>\n        </span>\n    {{else}}\n        <span class=\"icon icon--ratingEmpty\">\n            <svg xmlns=\"http://www.w3.org/2000/svg\" width=\"26\" height=\"28\" viewBox=\"0 0 26 28\"><path d=\"M0 10.11q0-.58.875-.72L8.72 8.25l3.515-7.11Q12.532.5 13 .5t.767.64l3.516 7.11 7.844 1.14q.875.14.875.72 0 .343-.406.75l-5.672 5.53 1.344 7.812q.016.11.016.313 0 .328-.164.555t-.477.227q-.297 0-.625-.187l-7.016-3.687-7.016 3.687q-.344.187-.625.187-.327 0-.49-.227t-.165-.555q0-.094.03-.313L6.08 16.39.392 10.86q-.39-.423-.39-.75z\"/></svg>\n        </span>\n    {{/if}}\n{{/for}}\n{{{snippet 'product_rating'}}}\n","components/common/login-for-pricing":"<a class=\"price--login\" href=\"/login.php\" translate>Log in for pricing</a>\n","components/products/price":"{{! Supermarket: \n    Add class: price-was-label, price--main\n}}\n{{!-- There are 2 code paths for generating the PDP pricing HTML determined by the following #and condition. \n    If a 'price_range' exists then we generate all HTML in price-range.html, otherwise it is defined here. Both code\n    paths generate the same HTML structure with some differences in whether that element is displayed by default (css styling).\n    \n    If you are making a change here or in price-range.html, you probably want to make that change in both files. --}}\n    \n    {{#and price.price_range (if theme_settings.price_ranges '==' true)}}\n        {{> components/products/price-range price=price schema_org=schema_org}}\n    {{else}}\n        {{#if price.with_tax}}\n            <div class=\"price-section price-section--withTax rrp-price--withTax\" {{#unless price.rrp_with_tax}}style=\"display: none;\"{{/unless}}>\n                <span class=\"price-was-label\">{{theme_settings.pdp-retail-price-label}}</span>\n                <span data-product-rrp-with-tax class=\"price price--rrp\">\n                    {{price.rrp_with_tax.formatted}}\n                </span>\n            </div>\n            <div class=\"price-section price-section--withTax non-sale-price--withTax\" {{#unless price.non_sale_price_with_tax}}style=\"display: none;\"{{/unless}}>\n                <span class=\"price-was-label\">{{theme_settings.pdp-non-sale-price-label}}</span>\n                <span data-product-non-sale-price-with-tax class=\"price price--non-sale\">\n                    {{price.non_sale_price_with_tax.formatted}}\n                </span>\n            </div>\n            <div class=\"price-section price-section--withTax\" {{#if schema_org}}itemprop=\"offers\" itemscope itemtype=\"http://schema.org/Offer\"{{/if}}>\n                <span class=\"price-label\" {{#if price.non_sale_price_with_tax}}style=\"display: none;\"{{/if}}>\n                    {{theme_settings.pdp-price-label}}\n                </span>\n                <span class=\"price-now-label\" {{#unless price.non_sale_price_with_tax}}style=\"display: none;\"{{/unless}}>\n                    {{theme_settings.pdp-sale-price-label}}\n                </span>\n                <span data-product-price-with-tax class=\"price price--withTax price--main{{#or price.rrp_with_tax price.non_sale_price_with_tax}} _hasSale{{/or}}\">{{price.with_tax.formatted}}</span>\n                {{#if schema_org}}\n                    <meta itemprop=\"url\" content=\"{{product.url}}\">\n                    <meta itemprop=\"availability\" itemtype=\"http://schema.org/ItemAvailability\"\n                        content=\"http://schema.org/{{#if product.pre_order}}PreOrder{{else if product.out_of_stock}}OutOfStock{{else if product.can_purchase '===' false}}OutOfStock{{else}}InStock{{/if}}\">\n                    <meta itemprop=\"itemCondition\" itemtype=\"http://schema.org/OfferItemCondition\" content=\"http://schema.org/{{product.condition}}Condition\">\n                    <meta itemprop=\"price\" content=\"{{toFixed price.with_tax.value settings.money.decimal_places}}\">\n                    <meta itemprop=\"priceCurrency\" content=\"{{currency_selector.active_currency_code}}\">\n                    <meta itemprop=\"priceValidUntil\" content='{{moment \"next year\" \"YYYY-MM-DD\"}}'>\n                    <div itemprop=\"priceSpecification\" itemscope itemtype=\"http://schema.org/PriceSpecification\">\n                        <meta itemprop=\"price\" content=\"{{toFixed price.with_tax.value settings.money.decimal_places}}\">\n                        <meta itemprop=\"priceCurrency\" content=\"{{currency_selector.active_currency_code}}\">\n                        <meta itemprop=\"valueAddedTaxIncluded\" content=\"true\">\n                    </div>\n                {{/if}}\n                {{#if price.without_tax}}\n                    <abbr title=\"{{lang 'products.including_tax'}}\">{{lang 'products.price_with_tax' tax_label=price.tax_label}}</abbr>\n                {{/if}}\n            </div>\n        {{/if}}\n        {{#and price.with_tax price.without_tax}}<div class=\"_br\"></div>{{/and}}\n        {{#if price.without_tax}}\n            <div class=\"price-section price-section--withoutTax rrp-price--withoutTax{{#if price.with_tax}} price-section--minor{{/if}}\" {{#unless price.rrp_without_tax}}style=\"display: none;\"{{/unless}}>\n                <span class=\"price-was-label\">{{theme_settings.pdp-retail-price-label}}</span>\n                <span data-product-rrp-price-without-tax class=\"price price--rrp\"> \n                    {{price.rrp_without_tax.formatted}}\n                </span>\n            </div>\n            {{#or price.sale_price_with_tax price.sale_price_without_tax}}\n            <div class=\"price-section price-section--withoutTax non-sale-price--withoutTax{{#if price.with_tax}} price-section--minor{{/if}}\" {{#unless price.non_sale_price_without_tax}}style=\"display: none;\"{{/unless}}>\n                <span class=\"price-was-label\">{{theme_settings.pdp-non-sale-price-label}}</span>\n                <span data-product-non-sale-price-without-tax class=\"price price--non-sale\">\n                    {{price.non_sale_price_without_tax.formatted}}\n                </span>\n            </div>\n            {{/or}}\n            \n\n            <div class=\"price-section price-section--withoutTax\" {{#if schema_org}}itemprop=\"offers\" itemscope itemtype=\"http://schema.org/Offer\"{{/if}}>\n                <span class=\"price-label\" {{#if price.non_sale_price_without_tax}}style=\"display: none;\"{{/if}}>\n                    {{theme_settings.pdp-price-label}}\n                </span>\n                <span class=\"price-now-label\" {{#unless price.non_sale_price_without_tax}}style=\"display: none;\"{{/unless}}>\n                    {{theme_settings.pdp-sale-price-label}}\n                </span>\n                <span data-product-price-without-tax class=\"price price--withoutTax{{#if price.with_tax}} price-section--minor{{/if}} price--main {{#or price.rrp_without_tax price.non_sale_price_without_tax}} _hasSale{{/or}}\">{{price.without_tax.formatted}}</span>\n                {{#if schema_org}}\n                    <meta itemprop=\"url\" content=\"{{product.url}}\">\n                    <meta itemprop=\"availability\" itemtype=\"http://schema.org/ItemAvailability\"\n                        content=\"http://schema.org/{{#if product.pre_order}}PreOrder{{else if product.out_of_stock}}OutOfStock{{else if product.can_purchase '===' false}}OutOfStock{{else}}InStock{{/if}}\">\n                    <meta itemprop=\"itemCondition\" itemtype=\"http://schema.org/OfferItemCondition\" content=\"http://schema.org/{{product.condition}}Condition\">\n                    <meta itemprop=\"price\" content=\"{{toFixed price.without_tax.value settings.money.decimal_places}}\">\n                    <meta itemprop=\"priceCurrency\" content=\"{{currency_selector.active_currency_code}}\">\n                    <meta itemprop=\"priceValidUntil\" content='{{moment \"next year\" \"YYYY-MM-DD\"}}'>\n                    <div itemprop=\"priceSpecification\" itemscope itemtype=\"http://schema.org/PriceSpecification\">\n                        <meta itemprop=\"price\" content=\"{{toFixed price.without_tax.value settings.money.decimal_places}}\">\n                        <meta itemprop=\"priceCurrency\" content=\"{{currency_selector.active_currency_code}}\">\n                        <meta itemprop=\"valueAddedTaxIncluded\" content=\"false\">\n                    </div>\n                {{/if}}\n                {{#if price.with_tax}}\n                    <abbr title=\"{{lang 'products.excluding_tax'}}\">{{lang 'products.price_without_tax' tax_label=price.tax_label}}</abbr>\n                {{/if}}\n            </div>\n        {{/if}}\n        {{#if page_type '===' 'product'}}\n             <div class=\"price-section price-section--saving\" {{#unless price.saved}}style=\"display: none;\"{{/unless}}>\n                    <span class=\"price\">{{lang 'products.you_save_opening_text'}}</span>\n                    <span data-product-price-saved class=\"price price--saving\">\n                        {{price.saved.formatted}}\n                    </span>\n                    <span class=\"price\">{{lang 'products.you_save_closing_bracket'}}</span>\n             </div>\n        {{/if}}\n    {{/and}}\n    \n","components/products/price-range":"{{#and price.price_range.min.with_tax price.price_range.max.with_tax}}{{! Added by Papathemes to fix display tax/non-tax retail price when select product option }}\n{{#and price.retail_price_range.min.with_tax price.retail_price_range.max.with_tax}}\n    <div class=\"price-section price-section--withTax rrp-price--withTax\">\n        <span class=\"price-was-label\">{{theme_settings.pdp-retail-price-label}}</span>\n        <span data-product-rrp-price-with-tax class=\"price price--rrp\">{{price.retail_price_range.min.with_tax.formatted}} - {{price.retail_price_range.max.with_tax.formatted}}</span>\n    </div>\n{{else}}\n    {{#if price.with_tax}}\n        <div class=\"price-section price-section--withTax rrp-price--withTax\" style=\"display: none;\">\n            <span class=\"price-was-label\">{{theme_settings.pdp-retail-price-label}}</span>\n            <span data-product-rrp-with-tax class=\"price price--rrp\">\n                {{price.rrp_with_tax.formatted}}\n            </span>\n        </div>\n    {{/if}}\n{{/and}}\n{{/and}}\n{{#and price.price_range.min.with_tax price.price_range.max.with_tax}}\n    <div class=\"price-section price-section--withTax\" {{#if schema_org}}itemprop=\"offers\" itemscope itemtype=\"http://schema.org/Offer\"{{/if}}>\n        <span class=\"price-label\">{{theme_settings.pdp-price-label}}</span>\n        <span class=\"price-now-label\" style=\"display: none;\">{{theme_settings.pdp-sale-price-label}}</span>\n        <span data-product-price-with-tax class=\"price price--withTax price--main\">{{price.price_range.min.with_tax.formatted}} - {{price.price_range.max.with_tax.formatted}}</span>\n        {{#and price.price_range.min.without_tax price.price_range.max.without_tax}}\n            <abbr title=\"{{lang 'products.including_tax'}}\">{{lang 'products.price_with_tax' tax_label=price.price_range.min.tax_label}}</abbr>\n        {{/and}}\n        {{#if schema_org}}\n            <meta itemprop=\"url\" content=\"{{product.url}}\">\n            <meta itemprop=\"availability\" itemtype=\"http://schema.org/ItemAvailability\"\n                content=\"http://schema.org/{{#if product.pre_order}}PreOrder{{else if product.out_of_stock}}OutOfStock{{else if product.can_purchase '===' false}}OutOfStock{{else}}InStock{{/if}}\">\n            <meta itemprop=\"itemCondition\" itemtype=\"http://schema.org/OfferItemCondition\" content=\"http://schema.org/{{product.condition}}Condition\">\n            <meta itemprop=\"price\" content=\"{{toFixed price.price_range.min.with_tax.value settings.money.decimal_places}}\">\n            <meta itemprop=\"priceCurrency\" content=\"{{currency_selector.active_currency_code}}\">\n            <meta itemprop=\"priceValidUntil\" content='{{moment \"next year\" \"YYYY-MM-DD\"}}'>\n            <div itemprop=\"priceSpecification\" itemscope itemtype=\"http://schema.org/PriceSpecification\">\n                <meta itemprop=\"minPrice\" content=\"{{toFixed price.price_range.min.with_tax.value settings.money.decimal_places}}\"/>\n                <meta itemprop=\"price\" content=\"{{toFixed price.price_range.min.with_tax.value settings.money.decimal_places}}\">\n                <meta itemprop=\"maxPrice\" content=\"{{toFixed price.price_range.max.with_tax.value settings.money.decimal_places}}\"/>\n                <meta itemprop=\"priceCurrency\" content=\"{{currency_selector.active_currency_code}}\">\n                <meta itemprop=\"valueAddedTaxIncluded\" content=\"true\">\n            </div>\n        {{/if}}\n    </div>\n    {{!-- Never display the \"non-sales price\" if there is a price range to be shown, but we do want the element on the page --}}\n    <div class=\"price-section price-section--withTax non-sale-price--withTax\" style=\"display: none;\">\n        <span class=\"price-was-label\">{{theme_settings.pdp-non-sale-price-label}}</span>\n        <span data-product-non-sale-price-with-tax class=\"price price--non-sale\">\n            {{price.non_sale_price_with_tax.formatted}}\n        </span>\n    </div>\n{{/and}}\n{{#and price.price_range.min.with_tax price.price_range.min.without_tax}}\n    <div class=\"_br\"></div>\n{{/and}}\n{{#and price.retail_price_range.min.without_tax price.retail_price_range.max.without_tax}}\n    <div class=\"price-section price-section--withoutTax rrp-price--withoutTax{{#if price.with_tax}} price-section--minor{{/if}}\">\n        <span class=\"price-was-label\">{{theme_settings.pdp-retail-price-label}}</span>\n        <span data-product-rrp-price-without-tax class=\"price price--rrp\">{{price.retail_price_range.min.without_tax.formatted}} - {{price.retail_price_range.max.without_tax.formatted}}</span>\n    </div>\n{{else}}\n    {{#if price.without_tax}}\n        <div class=\"price-section price-section--withoutTax rrp-price--withoutTax{{#if price.with_tax}} price-section--minor{{/if}}\" style=\"display: none;\">\n            <span class=\"price-was-label\">{{theme_settings.pdp-retail-price-label}}</span>\n            <span data-product-rrp-price-without-tax class=\"price price--rrp\">\n                {{price.rrp_without_tax.formatted}}\n            </span>\n        </div>\n    {{/if}}\n{{/and}}\n{{#and price.price_range.min.without_tax price.price_range.max.without_tax}}\n    <div class=\"price-section price-section--withoutTax{{#and price_range.min.with_tax price_range.max.with_tax}} price-section--minor{{/and}}\" {{#if schema_org}}itemprop=\"offers\" itemscope itemtype=\"http://schema.org/Offer\"{{/if}}>\n        <span class=\"price-label\">{{theme_settings.pdp-price-label}}</span>\n        <span class=\"price-now-label\" style=\"display: none;\">{{theme_settings.pdp-sale-price-label}}</span>\n        <span data-product-price-without-tax class=\"price price--withoutTax price--main\">{{price.price_range.min.without_tax.formatted}} - {{price.price_range.max.without_tax.formatted}}</span>\n        {{#and price.price_range.min.with_tax price.price_range.max.with_tax}}\n            <abbr title=\"{{lang 'products.excluding_tax'}}\">{{lang 'products.price_without_tax' tax_label=price.price_range.min.tax_label}}</abbr>\n        {{/and}}\n        {{#if schema_org}}\n            <meta itemprop=\"url\" content=\"{{product.url}}\">\n            <meta itemprop=\"availability\" itemtype=\"http://schema.org/ItemAvailability\"\n                content=\"http://schema.org/{{#if product.pre_order}}PreOrder{{else if product.out_of_stock}}OutOfStock{{else if product.can_purchase '===' false}}OutOfStock{{else}}InStock{{/if}}\">\n            <meta itemprop=\"itemCondition\" itemtype=\"http://schema.org/OfferItemCondition\" content=\"http://schema.org/{{product.condition}}Condition\">\n            <meta itemprop=\"price\" content=\"{{toFixed price.price_range.min.without_tax.value settings.money.decimal_places}}\">\n            <meta itemprop=\"priceCurrency\" content=\"{{currency_selector.active_currency_code}}\">\n            <meta itemprop=\"priceValidUntil\" content='{{moment \"next year\" \"YYYY-MM-DD\"}}'>\n            <div itemprop=\"priceSpecification\" itemscope itemtype=\"http://schema.org/PriceSpecification\">\n                <meta itemprop=\"minPrice\" content=\"{{toFixed price.price_range.min.without_tax.value settings.money.decimal_places}}\"/>\n                <meta itemprop=\"price\" content=\"{{toFixed price.price_range.min.without_tax.value settings.money.decimal_places}}\">\n                <meta itemprop=\"maxPrice\" content=\"{{toFixed price.price_range.max.without_tax.value settings.money.decimal_places}}\"/>\n                <meta itemprop=\"priceCurrency\" content=\"{{currency_selector.active_currency_code}}\">\n                <meta itemprop=\"valueAddedTaxIncluded\" content=\"false\">\n            </div>\n        {{/if}}\n    </div>\n    {{!-- Never display the \"non-sales price\" if there is a price range to be shown, but we do want the element on the page --}}\n    <div class=\"price-section price-section--withoutTax non-sale-price--withoutTax{{#if price.with_tax}} price-section--minor{{/if}}\" style=\"display: none;\">\n        <span class=\"price-was-label\">{{theme_settings.pdp-non-sale-price-label}}</span>\n        <span data-product-non-sale-price-without-tax class=\"price price--non-sale\">\n            {{price.non_sale_price_without_tax.formatted}}\n        </span>\n    </div>\n{{/and}}\n\n{{!-- Never display the \"saving price\" element by default if there is a price range on the page to be shown --}}\n{{#if page_type '===' 'product'}}\n     <div class=\"price-section price-section--saving price\" style=\"display: none;\">\n            <span class=\"price\">{{lang 'products.you_save_opening_text'}}</span>\n            <span data-product-price-saved class=\"price price--saving\">\n                {{price.saved.formatted}}\n            </span>\n            <span class=\"price\">{{lang 'products.you_save_closing_bracket'}}</span>\n     </div>\n{{/if}}\n"}
