{"layout/empty":"<!DOCTYPE html>\n<html>\n<head>\n    <title>{{ head.title }}</title>\n    {{{ head.meta_tags }}}\n    {{{ head.config }}}\n\n    <link href=\"{{ head.favicon }}\" rel=\"shortcut icon\">\n    {{#block \"head\"}}{{/block}}\n</head>\n<body>\n    {{#block \"page\"}}{{/block}}\n</body>\n</html>\n","pages/order-confirmation":"{{#partial \"head\"}}\r\n{{{ checkout.checkout_head }}}\r\n{{{ stylesheet '/assets/css/optimized-checkout.css' }}}\r\n{{ getFontsCollection }}\r\n\r\n<script type=\"text/javascript\">\r\n    window.language = {{{langJson 'optimized_checkout'}}};\r\n</script>\r\n\r\n{{{head.scripts}}}\r\n\r\n<style>\r\n    @media print {\r\n        .layout {\r\n            padding-bottom: 0;\r\n        }\r\n        .checkoutHeader {\r\n            min-height: auto;\r\n            -webkit-print-color-adjust: exact;\r\n            color-adjust: exact;\r\n        }\r\n        .checkoutHeader-content {\r\n            padding-top: 1rem;\r\n            padding-bottom: 1rem;\r\n        }\r\n        .cart {\r\n            display: block\r\n        }\r\n        .cartDrawer {\r\n            display: none;\r\n        }\r\n        .layout-cart {\r\n            page-break-before: auto;\r\n        }\r\n    }\r\n</style>\r\n\r\n{{/partial}}\r\n\r\n{{#partial \"page\"}}\r\n<header class=\"checkoutHeader optimizedCheckout-header\">\r\n    <div class=\"checkoutHeader-content\">\r\n        <h1 class=\"is-srOnly\">{{lang 'checkout.title'}}</h1>\r\n        <h2 class=\"checkoutHeader-heading\">\r\n            <a class=\"checkoutHeader-link\" href=\"{{urls.home}}\">\r\n                {{#if checkout.header_image}}\r\n                    <img alt=\"{{settings.store_logo.title}}\" class=\"checkoutHeader-logo\" id=\"logoImage\" src=\"{{ checkout.header_image }}\"/>\r\n                {{ else }}\r\n                    <span class=\"header-logo-text\">{{settings.store_logo.title}}</span>\r\n                {{/if}}\r\n            </a>\r\n        </h2>\r\n    </div>\r\n</header>\r\n<div id=\"po_number_section_block\"></div>\r\n\r\n{{{ checkout.order_confirmation_content }}}\r\n\r\n<div id=\"checkout_orderId\" data-test-orderId=\"{{checkout.order.id}}\"></div>\r\n<script>window.__webpack_public_path__ = \"{{cdn 'assets/dist/'}}\";</script>\r\n<script src=\"{{cdn 'assets/dist/theme-bundle.main.js'}}\"></script>\r\n<script>\r\n    {{!-- Exported in app.js --}}\r\n    window.stencilBootstrap(\"{{page_type}}\", {{jsContext}}).load();\r\n</script>\r\n\r\n{{{ footer.scripts }}}\r\n\r\n{{/partial}}\r\n\r\n{{> layout/empty}}\r\n\r\n<script type=\"text/javascript\">\r\n    // let orgVal = sessionStorage.getItem('orgNotesVal');\r\n    let orgOriginalVal = sessionStorage.getItem('orgOriginalVal');\r\n    \r\n    let organizationType = [\"Assembly (Church, Stadiums, Museum)\", \"Contractor, Fire (Alarm, Extinguisher, Sprinkler)\", \"Contractor, Non-Fire (Drywall, Plumbing, General)\", \"Correctional (Prison, Jail)\", \"Distributor or Reseller (Amazon Seller, MRO)\", \"Education (School, University, Daycare)\",\r\n\"Fire Department or Fire Marshal\", \"Government or Military\", \"Health (Hospital, Pharmacy)\", \"Hospitality (Hotel, Resort)\", \"Individual, No Business or Organization\", \"Manufacturing or Warehousing\", \"Professional Services (Finance, Legal)\", \"Property or Facility Management\", \"Recreation (Casino, Golf Course, Gym)\", \"Residential (Apartments, Assisted Living)\", \"Restaurant or Bar\", \"Retail (Mall, Grocery)\", \"Transportation (Airport, Marina)\",\"Utility (Water, Gas, Cable)\", \"Other\",]\r\n    \r\n    let custid = '{{customer.id}}';\r\n    let orderid = '{{checkout.order.id}}';\r\n    console.log(custid);\r\n    console.log(orderid);\r\n    if(orgOriginalVal != '' && orgOriginalVal != null) {\r\n    let orgVal = organizationType[parseInt(orgOriginalVal)];\r\n        if(custid != ''){\r\n            let data = {\r\n                \"CustomerID\": custid,\r\n                \"OrgVal\": orgVal\r\n            };\r\n            var settings = {\r\n              \"url\": \"https://qrfscustomapp.kensiumcommerce.com/api/sandboxupdateOrganisationType\",\r\n              \"method\": \"post\",\r\n              \"headers\": {\r\n                \"Content-Type\": \"application/json\"\r\n              },\r\n              \"data\": JSON.stringify(data),\r\n            };\r\n            $.ajax(settings).done(function (response) {\r\n                console.log(response);\r\n                sessionStorage.removeItem('orgNotesVal');\r\n                sessionStorage.removeItem('orgOriginalVal');\r\n                sessionStorage.removeItem('customerInfo');\r\n            });\r\n\r\n        } \r\n    }\r\n    // else{\r\n    //     let data = {\r\n    //         \"OrderID\": orderid,\r\n    //         \"OrgVal\": orgVal\r\n    //     };\r\n    //     var settings = {\r\n    //       \"url\": \"https://qrfscustomapp.kensiumcommerce.com/api/updateOrganisationTypeGuest\",\r\n    //       \"method\": \"post\",\r\n    //       \"headers\": {\r\n    //         \"Content-Type\": \"application/json\"\r\n    //       },\r\n    //       \"data\": JSON.stringify(data),\r\n    //     };\r\n    //     $.ajax(settings).done(function (response) {\r\n    //         console.log(response);\r\n    //         sessionStorage.removeItem('orgNotesVal');\r\n    //         sessionStorage.removeItem('orgOriginalVal');\r\n             \r\n    //     });\r\n    // }\r\n    \r\n</script>"}
