{"components/papathemes/brand/carousel":"\n<article class=\"papathemes-brandCarousel-container\" data-section-type=\"brands-logo\">\n    {{#unless hide_heading}}\n    <h5 class=\"footer-info-heading\">{{lang 'footer.brands'}}</h5>\n    {{/unless}}\n    <div class=\"papathemes-brandCarousel\" data-slick='{\n        \"dots\": false,\n        \"infinite\": false,\n        \"mobileFirst\": true,\n        \"slidesToShow\": 2,\n        \"slidesToScroll\": 2,\n        \"responsive\": [\n            {\n                \"breakpoint\": 1260,\n                \"settings\": {\n                    \"slidesToScroll\": 2,\n                    \"slidesToShow\": 5\n                }\n            },\n            {\n                \"breakpoint\": 800,\n                \"settings\": {\n                    \"slidesToScroll\": 2,\n                    \"slidesToShow\": 5\n                }\n            },\n            {\n                \"breakpoint\": 550,\n                \"settings\": {\n                    \"slidesToScroll\": 2,\n                    \"slidesToShow\": 3\n                }\n            }\n        ]\n    }'>\n        {{#if type '==' 'static'}}\n            {{#if (lang 'papathemes.brands.image1')}}\n            <div class=\"papathemes-brandCarousel-slide\"><a href=\"{{lang 'papathemes.brands.image1'}}\"><img src=\"{{lang 'papathemes.brands.image1'}}\" alt=\"{{lang 'papathemes.brands.title1'}}\" /></a></div>\n            {{/if}}\n            {{#if (lang 'papathemes.brands.image2')}}\n            <div class=\"papathemes-brandCarousel-slide\"><a href=\"{{lang 'papathemes.brands.image2'}}\"><img src=\"{{lang 'papathemes.brands.image2'}}\" alt=\"{{lang 'papathemes.brands.title2'}}\" /></a></div>\n            {{/if}}\n            {{#if (lang 'papathemes.brands.image3')}}\n            <div class=\"papathemes-brandCarousel-slide\"><a href=\"{{lang 'papathemes.brands.image3'}}\"><img src=\"{{lang 'papathemes.brands.image3'}}\" alt=\"{{lang 'papathemes.brands.title3'}}\" /></a></div>\n            {{/if}}\n            {{#if (lang 'papathemes.brands.image4')}}\n            <div class=\"papathemes-brandCarousel-slide\"><a href=\"{{lang 'papathemes.brands.image4'}}\"><img src=\"{{lang 'papathemes.brands.image4'}}\" alt=\"{{lang 'papathemes.brands.title4'}}\" /></a></div>\n            {{/if}}\n            {{#if (lang 'papathemes.brands.image5')}}\n            <div class=\"papathemes-brandCarousel-slide\"><a href=\"{{lang 'papathemes.brands.image5'}}\"><img src=\"{{lang 'papathemes.brands.image5'}}\" alt=\"{{lang 'papathemes.brands.title5'}}\" /></a></div>\n            {{/if}}\n            {{#if (lang 'papathemes.brands.image6')}}\n            <div class=\"papathemes-brandCarousel-slide\"><a href=\"{{lang 'papathemes.brands.image6'}}\"><img src=\"{{lang 'papathemes.brands.image6'}}\" alt=\"{{lang 'papathemes.brands.title6'}}\" /></a></div>\n            {{/if}}\n            {{#if (lang 'papathemes.brands.image7')}}\n            <div class=\"papathemes-brandCarousel-slide\"><a href=\"{{lang 'papathemes.brands.image7'}}\"><img src=\"{{lang 'papathemes.brands.image7'}}\" alt=\"{{lang 'papathemes.brands.title7'}}\" /></a></div>\n            {{/if}}\n            {{#if (lang 'papathemes.brands.image8')}}\n            <div class=\"papathemes-brandCarousel-slide\"><a href=\"{{lang 'papathemes.brands.image8'}}\"><img src=\"{{lang 'papathemes.brands.image8'}}\" alt=\"{{lang 'papathemes.brands.title8'}}\" /></a></div>\n            {{/if}}\n            {{#if (lang 'papathemes.brands.image9')}}\n            <div class=\"papathemes-brandCarousel-slide\"><a href=\"{{lang 'papathemes.brands.image9'}}\"><img src=\"{{lang 'papathemes.brands.image9'}}\" alt=\"{{lang 'papathemes.brands.title9'}}\" /></a></div>\n            {{/if}}\n            {{#if (lang 'papathemes.brands.image10')}}\n            <div class=\"papathemes-brandCarousel-slide\"><a href=\"{{lang 'papathemes.brands.image10'}}\"><img src=\"{{lang 'papathemes.brands.image10'}}\" alt=\"{{lang 'papathemes.brands.title10'}}\" /></a></div>\n            {{/if}}\n        {{else}}\n            {{#each shop_by_brand}}\n                <div class=\"papathemes-brandCarousel-slide\"><a href=\"{{url}}\">{{name}}</a></div>\n            {{/each}}\n        {{/if}}\n    </div>\n    {{#unless hide_view_all}}\n    <p><a href=\"{{urls.brands}}\">{{lang 'common.view_all'}}</a></p>\n    {{/unless}}\n</article>\n"}
